<Skeleton name="Human">
    <Node name="Pelvis" parent="None" >
        <Body type="Box" mass="15.0" size="0.2083 0.1454 0.1294" contact="Off" color="0.6 0.6 1.5 1.0" obj="Pelvis.obj">
            <Transformation linear="1.0 0.0 0.0 0.0 1.0 0.0 0.0 0.0 1.0" translation="0.0 0.9809 -0.0308 "/>
        </Body>
        <Joint type="Free" bvh="Character1_Hips">
            <Transformation linear="1.0 0.0 0.0 0.0 1.0 0.0 0.0 0.0 1.0" translation="0.0 0.9809 -0.0308 "/>
        </Joint>
    </Node>

    <Node name="FemurR" parent="Pelvis" >
        <Body type="Box" mass="7.0" size="0.1271 0.4043 0.1398" contact="Off" color="0.3 0.3 1.5 1.0" obj="R_Femur.obj">
            <Transformation linear="0.9998 -0.0174 -0.0024 -0.0175 -0.9997 -0.0172 -0.21 0.0172 -0.9998 " translation="-0.0959 0.7241 -0.0227 "/>
        </Body>
        <Joint type="Ball" bvh="Character1_RightUpLeg" lower="-2.0 -2.0 -2.0" upper="2.0 2.0 2.0">
            <Transformation linear="1.0 0.0 0.0 0.0 1.0 0.0 0.0 0.0 1.0" translation="-0.0903 0.9337 -0.0116 "/>
        </Joint>
    </Node>
    <Node name="TibiaR" parent="FemurR" >
        <Body type="Box" mass="3.0" size="0.1198 0.4156 0.1141 " contact="Off" color="0.3 0.3 1.5 1.0" obj="R_Tibia.obj">
            <Transformation linear="0.9994 0.0348 -0.0030 0.0349 -0.9956 0.0871 0.0 -0.0872 -0.9962 " translation="-0.0928 0.3018 -0.0341 "/>
        </Body>
        <Joint type="Revolute" axis ="1.0 0.0 0.0" bvh="Character1_RightLeg" lower="0.0" upper="2.3">
            <Transformation linear="1.0 0.0 0.0 0.0 1.0 0.0 0.0 0.0 1.0" translation="-0.0995 0.5387 -0.0103 "/>
        </Joint>
    </Node>
    <Node name="TalusR" parent="TibiaR" endeffector="True">
        <Body type="Box" mass="0.6" size="0.0756 0.0498 0.1570" contact="On" color="0.3 0.3 1.5 1.0" obj="R_Talus.obj">
            <Transformation linear="0.9779 0.0256 0.2073 0.0199 -0.9994 0.0295 0.2079 -0.0247 -0.9778 " translation="-0.0826 0.0403 -0.0242 "/>
        </Body>
        <Joint type="Ball" bvh="Character1_RightFoot" lower="-1.0 -1.0 -1.0" upper="1.0 1.0 1.0">
            <Transformation linear="1.0 0.0 0.0 0.0 1.0 0.0 0.0 0.0 1.0" translation="-0.08 0.0776 -0.0419"/>
        </Joint>
    </Node>
    <Node name="FootThumbR" parent="TalusR" >
        <Body type="Box" mass="0.2" size="0.0407 0.0262 0.0563 " contact="On" color="0.3 0.3 1.5 1.0" obj="R_FootThumb.obj">
            <Transformation linear="0.9847 -0.0097 0.1739 -0.0129 -0.9998 0.0177 0.1737 -0.0196 -0.9846 " translation="-0.0765 0.0268 0.0938 "/>
        </Body>
        <Joint type="Revolute" axis ="1.0 0.0 0.0" lower="-0.6" upper="0.6">
            <Transformation linear="1.0 0.0 0.0 0.0 1.0 0.0 0.0 0.0 1.0" translation="-0.0781 0.0201 0.0692"/>
        </Joint>
    </Node>
    <Node name="FootPinkyR" parent="TalusR" >
        <Body type="Box" mass="0.2" size="0.0422 0.0238 0.0529 " contact="On" color="0.3 0.3 1.5 1.0" obj="R_FootPinky.obj">
            <Transformation linear="0.9402 0.0126 0.3405 0.0083 -0.9999 0.0142 0.3407 -0.0105 -0.9401 " translation="-0.1244 0.0269 0.0810 "/>
        </Body>
        <Joint type="Revolute" axis ="1.0 0.0 0.0" lower="-0.6" upper="0.6">
            <Transformation linear="1.0 0.0 0.0 0.0 1.0 0.0 0.0 0.0 1.0" translation="-0.1227 0.0142 0.0494"/>
        </Joint>
    </Node>



    <Node name="FemurL" parent="Pelvis" >
        <Body type="Box" mass="7.0" size="0.1271 0.4043 0.1398" contact="Off" color="0.6 0.6 1.5 1.0"  obj="L_Femur.obj">
            <Transformation linear="0.9998 -0.0174 -0.0024 0.0175 0.9997 0.0172 0.21 -0.0172 0.9998 " translation="0.0959 0.7241 -0.0227 "/>
        </Body>
        <Joint type="Ball" bvh="Character1_LeftUpLeg" lower="-2.0 -2.0 -2.0" upper="2.0 2.0 2.0">
            <Transformation linear="1.0 0.0 0.0 0.0 1.0 0.0 0.0 0.0 1.0" translation="0.0903 0.9337 -0.0116 "/>
        </Joint>
    </Node>
    <Node name="TibiaL" parent="FemurL" >
        <Body type="Box" mass="3.0" size="0.1198 0.4156 0.1141 " contact="Off" color="0.6 0.6 1.5 1.0" obj="L_Tibia.obj">
            <Transformation linear="0.9994 0.0348 -0.0030 -0.0349 0.9956 -0.0871 -0.0 0.0872 0.9962 " translation="0.0928 0.3018 -0.0341 "/>
        </Body>
        <Joint type="Revolute" axis ="1.0 0.0 0.0" bvh="Character1_LeftLeg" lower="0.0" upper="2.3">
            <Transformation linear="1.0 0.0 0.0 0.0 1.0 0.0 0.0 0.0 1.0" translation="0.0995 0.5387 -0.0103 "/>
        </Joint>
    </Node>
    <Node name="TalusL" parent="TibiaL" endeffector="True">
        <Body type="Box" mass="0.6" size="0.0756 0.0498 0.1570" contact="On" color="0.6 0.6 1.5 1.0" obj="L_Talus.obj">
            <Transformation linear="0.9779 0.0256 0.2073 -0.0199 0.9994 -0.0295 -0.2079 0.0247 0.9778 " translation="0.0826 0.0403 -0.0242 "/>
        </Body>
        <Joint type="Ball" bvh="Character1_LeftFoot" lower="-1.0 -1.0 -1.0" upper="1.0 1.0 1.0">
            <Transformation linear="1.0 0.0 0.0 0.0 1.0 0.0 0.0 0.0 1.0" translation="0.08 0.0776 -0.0419 "/>
        </Joint>
    </Node>
    <Node name="FootThumbL" parent="TalusL" >
        <Body type="Box" mass="0.2" size="0.0407 0.0262 0.0563 " contact="On" color="0.6 0.6 1.5 1.0" obj="L_FootThumb.obj">
            <Transformation linear="0.9402 0.0126 0.3405 -0.0083 0.9999 -0.0142 -0.3407 0.0105 0.9401 " translation="0.1244 0.0269 0.0810 "/>
        </Body>
        <Joint type="Revolute" axis ="1.0 0.0 0.0" lower="-0.6" upper="0.6">
            <Transformation linear="1.0 0.0 0.0 0.0 1.0 0.0 0.0 0.0 1.0" translation="0.1215 0.0116 0.0494 "/>
        </Joint>
    </Node>
    <Node name="FootPinkyL" parent="TalusL" >
        <Body type="Box" mass="0.2" size="0.0422 0.0238 0.0529 " contact="On" color="0.6 0.6 1.5 1.0" obj="L_FootPinky.obj">
            <Transformation linear="0.9847 -0.0097 0.1739 0.0129 0.9998 -0.0177 -0.1737 0.0196 0.9846 " translation="0.0765 0.0268 0.0938 "/>
        </Body>
        <Joint type="Revolute" axis ="1.0 0.0 0.0" lower="-0.6" upper="0.6">
            <Transformation linear="1.0 0.0 0.0 0.0 1.0 0.0 0.0 0.0 1.0" translation="0.0756 0.0118 0.0676 "/>
        </Joint>
    </Node>



    <Node name="Spine" parent="Pelvis" >
        <Body type="Box" mass="5.0" size="0.1170 0.0976 0.0984" contact="Off" color="0.6 0.6 1.5 1.0" obj="Spine.obj">
            <Transformation linear="1.0 0.0 0.0 0.0 1.0 0.0 0.0 0.0 1.0 " translation="0.0 1.1204 -0.0401 "/>
        </Body>
        <Joint type="Ball" bvh="Character1_Spine" lower="-0.4 -0.4 -0.2 " upper="0.4 0.4 0.2 ">
            <Transformation linear="1.0 0.0 0.0 0.0 1.0 0.0 0.0 0.0 1.0" translation="0. 1.0675 -0.0434 "/>
        </Joint>
    </Node>
    <Node name="Torso" parent="Spine" >
        <Body type="Box" mass="10.0" size="0.1798 0.2181 0.1337" contact="Off" color="0.6 0.6 1.5 1.0" obj="Torso.obj">
            <Transformation linear="1.0 0.0 0.0 0.0 1.0 -0.0092 0.0 0.0092 1.0 " translation="0.0 1.3032 -0.0398 "/>
        </Body>
        <Joint type="Ball" bvh="Character1_Spine1" lower="-0.4 -0.4 -0.2 " upper="0.4 0.4 0.2 ">
            <Transformation linear="1.0 0.0 0.0 0.0 1.0 0.0 0.0 0.0 1.0" translation="0. 1.1761 -0.0498 "/>
        </Joint>
    </Node>
    <Node name="Neck" parent="Torso" >
        <Body type="Box" mass="2.0" size="0.0793 0.0728 0.0652" contact="Off" color="0.6 0.6 1.5 1.0" obj="Neck.obj">
            <Transformation linear="1.0 0.0 0.0 0.0 0.9732 -0.2301 0.0 0.2301 0.9732 " translation="0.0 1.5297 -0.0250 "/>
        </Body>
        <Joint type="Ball" bvh="Character1_Neck" lower="-0.4 -0.4 -0.4 " upper="0.6 0.6 1.5 ">
            <Transformation linear="1.0 0.0 0.0 0.0 1.0 0.0 0.0 0.0 1.0" translation="0. 1.4844 -0.0436 "/>
        </Joint>
    </Node>
    <Node name="Head" parent="Neck" endeffector="True">
        <Body type="Box" mass="2.0" size="0.1129 0.1144 0.1166" contact="Off" color="0.6 0.6 1.5 1.0" obj="Skull.obj">
            <Transformation linear="1.0 0.0 0.0 0.0 0.9895 -0.1447 0.0 0.1447 0.9895 " translation="0.0 1.6527 -0.0123 "/>
        </Body>
        <Joint type="Ball" lower="-0.4 -0.4 -0.4 " upper="0.6 0.6 1.5 ">
            <Transformation linear="1.0 0.0 0.0 0.0 1.0 0.0 0.0 0.0 1.0" translation="0. 1.5652 -0.0086 "/>
        </Joint>
    </Node>


    <Node name="ShoulderR" parent="Torso" >
        <Body type="Box" mass="1.0" size="0.1635 0.0634 0.0645" contact="Off" color="0.3 0.3 1.5 1.0" obj="R_Shoulder.obj">
            <Transformation linear="0.9985 -0.0048 0.0549 -0.0047 -1.0 -0.0011 0.0549 0.0008 -0.9985 " translation="-0.0981 1.4644 -0.0391 "/>
        </Body>
        <Joint type="Ball" bvh="Character1_RightShoulder" lower="-0.5 -0.5 -0.5" upper="0.5 0.5 0.5">
            <Transformation linear="1.0 0.0 0.0 0.0 1.0 0.0 0.0 0.0 1.0" translation="-0.0147 1.4535 -0.0381 "/>
        </Joint>
    </Node>
    <Node name="ArmR" parent="ShoulderR" >
        <Body type="Box" mass="1.0" size="0.3329 0.0542 0.0499" contact="Off" color="0.3 0.3 1.5 1.0" obj="R_Humerus.obj">
            <Transformation linear="0.9960 0.0361 -0.0812 -0.0669 -0.2971 -0.952500 -0.0585 0.9542 -0.2936 " translation="-0.3578 1.4522 -0.0235 "/>
        </Body>
        <Joint type="Ball" bvh="Character1_RightArm" lower="-2.0 -2.0 -2.0" upper="2.0 2.0 2.0">
            <Transformation linear="1.0 0.0 0.0 0.0 1.0 0.0 0.0 0.0 1.0" translation="-0.1995 1.4350 -0.0353 "/>
        </Joint>
    </Node>
    <Node name="ForeArmR" parent="ArmR" >
        <Body type="Box" mass="0.5" size="0.2630 0.0506 0.0513" contact="Off" color="0.3 0.3 1.5 1.0" obj="R_Radius.obj">
            <Transformation linear="0.9929 0.0823 -0.0856 -0.0517 -0.3492 -0.9356 -0.1069 0.9334 -0.3424 " translation="-0.6674 1.4699 -0.0059 "/>
        </Body>
        <Joint type="Revolute" axis="0.0 1.0 0.0" bvh="Character1_RightForeArm" lower="0.0" upper="2.3">
            <Transformation linear="1.0 0.0 0.0 0.0 1.0 0.0 0.0 0.0 1.0" translation="-0.5234 1.4607 -0.0105 "/>
        </Joint>
    </Node>
    <Node name="HandR" parent="ForeArmR" endeffector="True">
        <Body type="Box" mass="0.2" size="0.1306 0.0104 0.0846" contact="Off" color="0.3 0.3 1.5 1.0" obj="R_Hand.obj">
            <Transformation linear="0.9712 0.2357 -0.0353 0.2243 -0.9540 -0.1990 -0.0806 0.1853 -0.9794 " translation="-0.8810 1.4647 0.0315 "/>
        </Body>
        <Joint type="Ball" bvh="Character1_RightHand" lower="-0.7 -0.7 -0.7 " upper="0.7 0.7 0.7">
            <Transformation linear="1.0 0.0 0.0 0.0 1.0 0.0 0.0 0.0 1.0" translation="-0.8102 1.469 0.0194 "/>
        </Joint>
    </Node>


    <Node name="ShoulderL" parent="Torso" >
        <Body type="Box" mass="1.0" size="0.1635 0.0634 0.0645" contact="Off" color="0.6 0.6 1.5 1.0" obj="L_Shoulder.obj">
            <Transformation linear="0.9985 -0.0048 0.0549 0.0047 1.0000 0.0011 -0.0549 -0.0008 0.9985 " translation="0.0981 1.4644 -0.0391 "/>
        </Body>
        <Joint type="Ball" bvh="Character1_LeftShoulder" lower="-0.5 -0.5 -0.5" upper="0.5 0.5 0.5">
            <Transformation linear="1.0 0.0 0.0 0.0 1.0 0.0 0.0 0.0 1.0" translation="0.0147 1.4535 -0.0381"/>
        </Joint>
    </Node>
    <Node name="ArmL" parent="ShoulderL" >
        <Body type="Box" mass="1.0" size="0.3329 0.0542 0.0499" contact="Off" color="0.6 0.6 1.5 1.0" obj="L_Humerus.obj">
            <Transformation linear="0.9960 0.0361 -0.0812 0.0669 0.2971 0.9525 0.0585 -0.9542 0.2936 " translation="0.3578 1.4522 -0.0235 "/>
        </Body>
        <Joint type="Ball" bvh="Character1_LeftArm" lower="-2.0 -2.0 -2.0" upper="2.0 2.0 2.0">
            <Transformation linear="1.0 0.0 0.0 0.0 1.0 0.0 0.0 0.0 1.0" translation="0.1995 1.4350 -0.0353"/>
        </Joint>
    </Node>
    <Node name="ForeArmL" parent="ArmL" >
        <Body type="Box" mass="0.5" size="0.2630 0.0506 0.0513" contact="Off" color="0.6 0.6 1.5 1.0" obj="L_Radius.obj">
            <Transformation linear="0.9929 0.0823 -0.0856 0.0517 0.3492 0.9356 0.1069 -0.9334 0.3424 " translation="0.6674 1.4699 -0.0059 "/>
        </Body>
        <Joint type="Revolute" axis="0.0 1.0 0.0" bvh="Character1_LeftForeArm" lower="-2.3" upper="0.0">
            <Transformation linear="1.0 0.0 0.0 0.0 1.0 0.0 0.0 0.0 1.0" translation="0.5234 1.4607 -0.0105"/>
        </Joint>
    </Node>
    <Node name="HandL" parent="ForeArmL" endeffector="True">
        <Body type="Box" mass="0.2" size="0.1306 0.0104 0.0846" contact="Off" color="0.6 0.6 1.5 1.0" obj="L_Hand.obj">
            <Transformation linear="0.9712 0.2357 -0.0353 -0.2243 0.9540 0.1990 0.0806 -0.1853 0.9794 " translation="0.8813 1.4640 0.0315 "/>
        </Body>
        <Joint type="Ball" bvh="Character1_LeftHand" lower="-0.7 -0.7 -0.7 " upper="0.7 0.7 0.7">
            <Transformation linear="1.0 0.0 0.0 0.0 1.0 0.0 0.0 0.0 1.0" translation="0.8102 1.4694 0.0194"/>
        </Joint>
    </Node>

</Skeleton>